{"count":1,"self":135.733952,"total":138.92116819999998,"children":{"InitializeActuators":{"count":16,"self":0.0015199999999999999,"total":0.0015199999999999999,"children":null},"InitializeSensors":{"count":16,"self":0.0030007,"total":0.0030007,"children":null},"AgentSendState":{"count":6666,"self":0.44938859999999997,"total":0.49813019999999997,"children":{"CollectObservations":{"count":17776,"self":0.0060691999999999994,"total":0.0060691999999999994,"children":null},"WriteActionMask":{"count":17776,"self":0.0091075,"total":0.0091075,"children":null},"RequestDecision":{"count":17776,"self":0.0335649,"total":0.0335649,"children":null}}},"DecideAction":{"count":6666,"self":2.2804941999999997,"total":2.3089708,"children":{"RayPerceptionSensor.Perceive":{"count":17776,"self":0.028476599999999998,"total":0.028476599999999998,"children":null}}},"AgentAct":{"count":6666,"self":0.3735901,"total":0.3735901,"children":null}},"gauges":{"Hallway.CumulativeReward":{"count":566,"max":1.96266949,"min":-0.137333289,"runningAverage":0.9588453,"value":0.9043337,"weightedAverage":0.934705257}},"metadata":{"timer_format_version":"0.1.0","start_time_seconds":"1700456553","unity_version":"2022.3.0f1","command_line_arguments":"C:\\Program Files\\Unity\\Hub\\Editor\\2022.3.0f1\\Editor\\Unity.exe -projectpath D:\\unity_projects\\ml-rl-training\\RL-Examples-BT -useHub -hubIPC -cloudEnvironment production","communication_protocol_version":"1.5.0","com.unity.ml-agents_version":"3.0.0-exp.1","scene_name":"Hallway","end_time_seconds":"1700456692"}}